{
  "sol": [
    0,
    1,
    1,
    2,
    1,
    1,
    2,
    0,
    2,
    0,
    2,
    1,
    2,
    0,
    0,
    2,
    0,
    1,
    2,
    1,
    1,
    2,
    2,
    0,
    1,
    1,
    1,
    0,
    2,
    2,
    1,
    1,
    0,
    0,
    0,
    1,
    1,
    0,
    2,
    2,
    1,
    2,
    0,
    1,
    1,
    0,
    0,
    0,
    2,
    0,
    2,
    2,
    0,
    2,
    1,
    1,
    1,
    0,
    0,
    1,
    1,
    1,
    1,
    1,
    1,
    1,
    0,
    1,
    1,
    0,
    0,
    1,
    1,
    1,
    0,
    0,
    2,
    0,
    0,
    1,
    2,
    2,
    2,
    2,
    2,
    2,
    1,
    2,
    2,
    2,
    0,
    2,
    0,
    0,
    0,
    2,
    2,
    2,
    2,
    2,
    1,
    0,
    2,
    0,
    1,
    2,
    0,
    1,
    1,
    2,
    0,
    0,
    2,
    2,
    1,
    1,
    1,
    2,
    2,
    0,
    2,
    0,
    2,
    0,
    0,
    2,
    2,
    2,
    0,
    0,
    2,
    1,
    1,
    2,
    0,
    2,
    0,
    0,
    2,
    2,
    0,
    0,
    0,
    2,
    1,
    0,
    1,
    2,
    0,
    1
  ],
  "score": 0.94370246,
  "generations": null,
  "history": [
    [
      1.4533961,
      25.0
    ],
    [
      1.4333094,
      100.0
    ],
    [
      1.4332347,
      175.0
    ],
    [
      1.339094,
      200.0
    ],
    [
      1.2813537,
      250.0
    ],
    [
      1.1730201,
      325.0
    ],
    [
      1.160356,
      29425.0
    ],
    [
      1.1600952,
      29500.0
    ],
    [
      1.0737233,
      29575.0
    ],
    [
      1.0626358,
      38675.0
    ],
    [
      0.97930485,
      38700.0
    ],
    [
      0.97166073,
      40175.0
    ],
    [
      0.9577304,
      40950.0
    ],
    [
      0.9503426,
      77750.0
    ],
    [
      0.94370246,
      79950.0
    ]
  ],
  "time": 27.724705,
  "c": 0.6583925,
  "inf": 90.0
}