{
  "sol": [
    0,
    1,
    1,
    2,
    1,
    1,
    2,
    0,
    2,
    0,
    2,
    1,
    2,
    0,
    0,
    2,
    0,
    1,
    2,
    1,
    1,
    2,
    2,
    0,
    1,
    0,
    1,
    0,
    2,
    2,
    1,
    1,
    0,
    0,
    0,
    2,
    1,
    0,
    1,
    2,
    1,
    2,
    0,
    1,
    1,
    0,
    0,
    0,
    2,
    0,
    2,
    2,
    0,
    2,
    1,
    1,
    1,
    0,
    0,
    1,
    1,
    1,
    1,
    1,
    1,
    1,
    0,
    1,
    1,
    0,
    0,
    1,
    1,
    1,
    0,
    0,
    2,
    0,
    0,
    1,
    2,
    2,
    2,
    2,
    2,
    2,
    1,
    2,
    2,
    2,
    0,
    2,
    0,
    0,
    0,
    2,
    1,
    2,
    2,
    2,
    1,
    0,
    2,
    0,
    1,
    2,
    0,
    1,
    1,
    2,
    0,
    0,
    2,
    2,
    1,
    1,
    1,
    2,
    2,
    0,
    2,
    0,
    1,
    0,
    0,
    2,
    2,
    2,
    0,
    0,
    2,
    2,
    1,
    2,
    0,
    2,
    0,
    0,
    2,
    2,
    0,
    0,
    0,
    2,
    1,
    0,
    1,
    2,
    0,
    1
  ],
  "score": 0.90367126,
  "generations": null,
  "history": [
    [
      1.795421,
      25.0
    ],
    [
      1.4767869,
      50.0
    ],
    [
      1.380917,
      75.0
    ],
    [
      1.2473638,
      275.0
    ],
    [
      1.2470284,
      800.0
    ],
    [
      1.1976101,
      1675.0
    ],
    [
      1.1535037,
      1750.0
    ],
    [
      1.0811007,
      1800.0
    ],
    [
      1.0453463,
      3425.0
    ],
    [
      1.044431,
      12875.0
    ],
    [
      0.9949686,
      42350.0
    ],
    [
      0.92780495,
      66825.0
    ],
    [
      0.90367126,
      66850.0
    ]
  ],
  "time": 30.056993,
  "c": 0.6816642,
  "inf": 35.0
}