{
  "sol": [
    0,
    2,
    0,
    0,
    0,
    0,
    1,
    0,
    0,
    0,
    0,
    2,
    0,
    0,
    0,
    0,
    2,
    2,
    0,
    0,
    0,
    1,
    0,
    0,
    0,
    1,
    1,
    0,
    0,
    0,
    2,
    0,
    0,
    0,
    0,
    2,
    0,
    0,
    0,
    0,
    0,
    1,
    1,
    0,
    0,
    0,
    0,
    0,
    2,
    0,
    0,
    1,
    1,
    2,
    0,
    0,
    0,
    2,
    0,
    0,
    0,
    1,
    1,
    2,
    0,
    0,
    0,
    0,
    2,
    0,
    0,
    1,
    0,
    0,
    0,
    2,
    0,
    0,
    0,
    0,
    0,
    1,
    0,
    0,
    0,
    0,
    0,
    0,
    0,
    1,
    1,
    0,
    0,
    0,
    0,
    1,
    0,
    0,
    0,
    1,
    0,
    1,
    0,
    0,
    0,
    0,
    0,
    0,
    0,
    0,
    0,
    0,
    2,
    2,
    0,
    0,
    0,
    0,
    0,
    0,
    0,
    0,
    0,
    0,
    0,
    1,
    1,
    0,
    0,
    0,
    0,
    0,
    1,
    0,
    2,
    0,
    0,
    0,
    0,
    0,
    0,
    0,
    0,
    0,
    0,
    1,
    1,
    2,
    0,
    0,
    0,
    0,
    1,
    0,
    2,
    1,
    0,
    1,
    0,
    0,
    0,
    2,
    0,
    1,
    1,
    0,
    0,
    0,
    0,
    0,
    0,
    0,
    1,
    1,
    2,
    1,
    0,
    1,
    2,
    0,
    0,
    0,
    0,
    2,
    1,
    0,
    0,
    0,
    2,
    0,
    0,
    0,
    0,
    2,
    0,
    2,
    0,
    0,
    0,
    0,
    0,
    2,
    0,
    0,
    0,
    0,
    1,
    0,
    0,
    0,
    0,
    0,
    0,
    0,
    0
  ],
  "score": 20.070543,
  "generations": null,
  "history": [
    [
      35.545074,
      25.0
    ],
    [
      32.7617,
      75.0
    ],
    [
      32.49285,
      100.0
    ],
    [
      31.758429,
      225.0
    ],
    [
      31.680233,
      550.0
    ],
    [
      31.494057,
      1025.0
    ],
    [
      30.548452,
      1075.0
    ],
    [
      30.16562,
      1375.0
    ],
    [
      30.079742,
      1500.0
    ],
    [
      29.853733,
      1525.0
    ],
    [
      28.918663,
      1550.0
    ],
    [
      28.286198,
      1850.0
    ],
    [
      27.464016,
      1900.0
    ],
    [
      25.49477,
      1925.0
    ],
    [
      25.493477,
      1950.0
    ],
    [
      24.27558,
      1975.0
    ],
    [
      22.942207,
      2000.0
    ],
    [
      22.90997,
      11775.0
    ],
    [
      22.027695,
      43475.0
    ],
    [
      21.622696,
      43550.0
    ],
    [
      21.474203,
      48300.0
    ],
    [
      21.029142,
      66525.0
    ],
    [
      20.90236,
      66575.0
    ],
    [
      20.070543,
      66600.0
    ]
  ],
  "time": 52.094227,
  "c": 13.909627,
  "inf": 337.0
}