{
  "sol": [
    1,
    2,
    2,
    0,
    2,
    2,
    0,
    1,
    0,
    1,
    0,
    2,
    0,
    1,
    1,
    0,
    1,
    2,
    0,
    2,
    2,
    0,
    0,
    1,
    2,
    2,
    2,
    1,
    0,
    0,
    2,
    2,
    1,
    1,
    1,
    2,
    2,
    1,
    2,
    0,
    2,
    0,
    1,
    2,
    2,
    1,
    1,
    1,
    0,
    1,
    0,
    0,
    1,
    0,
    2,
    2,
    2,
    1,
    1,
    2,
    2,
    2,
    2,
    2,
    2,
    2,
    1,
    2,
    2,
    1,
    1,
    2,
    2,
    2,
    1,
    1,
    0,
    1,
    1,
    2,
    2,
    0,
    0,
    0,
    0,
    0,
    2,
    0,
    0,
    0,
    1,
    0,
    1,
    1,
    1,
    0,
    2,
    2,
    0,
    0,
    2,
    1,
    0,
    1,
    2,
    0,
    1,
    2,
    2,
    2,
    1,
    1,
    0,
    0,
    2,
    2,
    2,
    0,
    0,
    1,
    0,
    1,
    2,
    1,
    1,
    0,
    0,
    0,
    1,
    1,
    0,
    0,
    2,
    0,
    1,
    0,
    1,
    1,
    0,
    0,
    1,
    1,
    1,
    0,
    2,
    1,
    2,
    0,
    1,
    2
  ],
  "score": 0.9197124,
  "generations": null,
  "history": [
    [
      1.6280136,
      25.0
    ],
    [
      1.5598148,
      775.0
    ],
    [
      1.533387,
      1450.0
    ],
    [
      1.5214684,
      1700.0
    ],
    [
      1.4825841,
      1900.0
    ],
    [
      1.4575058,
      3000.0
    ],
    [
      1.3691188,
      3225.0
    ],
    [
      1.3298246,
      3275.0
    ],
    [
      1.2838836,
      3325.0
    ],
    [
      1.0066828,
      3400.0
    ],
    [
      0.991009,
      18000.0
    ],
    [
      0.9670253,
      57200.0
    ],
    [
      0.96341616,
      64175.0
    ],
    [
      0.9545797,
      64825.0
    ],
    [
      0.95070904,
      72075.0
    ],
    [
      0.9197124,
      73050.0
    ]
  ],
  "time": 27.767319,
  "c": 0.66293347,
  "inf": 81.0
}