{
  "sol": [
    1,
    0,
    1,
    1,
    1,
    1,
    2,
    1,
    1,
    1,
    1,
    0,
    1,
    1,
    1,
    1,
    0,
    0,
    1,
    1,
    1,
    2,
    1,
    1,
    1,
    2,
    1,
    1,
    1,
    1,
    0,
    1,
    1,
    1,
    1,
    0,
    1,
    1,
    1,
    1,
    0,
    2,
    2,
    1,
    1,
    1,
    1,
    1,
    1,
    1,
    1,
    2,
    2,
    0,
    1,
    1,
    1,
    0,
    1,
    1,
    1,
    2,
    2,
    0,
    1,
    1,
    1,
    1,
    0,
    1,
    1,
    2,
    1,
    1,
    1,
    0,
    1,
    1,
    1,
    1,
    1,
    2,
    1,
    1,
    1,
    1,
    1,
    1,
    1,
    2,
    2,
    1,
    1,
    1,
    1,
    2,
    1,
    1,
    1,
    2,
    1,
    2,
    1,
    1,
    1,
    1,
    1,
    1,
    2,
    1,
    1,
    1,
    0,
    0,
    1,
    1,
    1,
    1,
    1,
    1,
    1,
    1,
    1,
    1,
    1,
    2,
    2,
    1,
    1,
    1,
    1,
    1,
    2,
    1,
    0,
    1,
    1,
    1,
    1,
    1,
    1,
    1,
    1,
    1,
    1,
    2,
    2,
    0,
    1,
    1,
    1,
    1,
    2,
    1,
    0,
    2,
    1,
    2,
    1,
    1,
    1,
    0,
    1,
    2,
    2,
    1,
    1,
    1,
    1,
    1,
    1,
    1,
    2,
    2,
    0,
    2,
    1,
    2,
    0,
    1,
    1,
    1,
    1,
    0,
    1,
    1,
    1,
    1,
    0,
    1,
    1,
    1,
    1,
    0,
    1,
    0,
    1,
    1,
    1,
    1,
    1,
    0,
    1,
    1,
    1,
    1,
    2,
    1,
    1,
    1,
    1,
    1,
    1,
    1,
    1
  ],
  "score": 18.967363,
  "generations": null,
  "history": [
    [
      37.828804,
      25.0
    ],
    [
      36.86734,
      50.0
    ],
    [
      36.35261,
      75.0
    ],
    [
      35.90117,
      100.0
    ],
    [
      34.264534,
      125.0
    ],
    [
      33.210125,
      250.0
    ],
    [
      31.628992,
      1975.0
    ],
    [
      31.55627,
      2000.0
    ],
    [
      31.46363,
      2075.0
    ],
    [
      29.008228,
      2375.0
    ],
    [
      28.505043,
      3350.0
    ],
    [
      28.479021,
      9750.0
    ],
    [
      26.263245,
      9775.0
    ],
    [
      24.697594,
      15275.0
    ],
    [
      24.638718,
      15400.0
    ],
    [
      23.664225,
      15425.0
    ],
    [
      23.374285,
      15500.0
    ],
    [
      22.278172,
      32075.0
    ],
    [
      20.941162,
      32225.0
    ],
    [
      20.880968,
      71675.0
    ],
    [
      20.828094,
      73050.0
    ],
    [
      20.741518,
      76100.0
    ],
    [
      19.659887,
      76125.0
    ],
    [
      19.629654,
      78975.0
    ],
    [
      19.554785,
      79225.0
    ],
    [
      19.410465,
      79400.0
    ],
    [
      18.967363,
      79525.0
    ]
  ],
  "time": 52.060455,
  "c": 13.592555,
  "inf": 294.0
}