{
  "sol": [
    2,
    0,
    0,
    1,
    0,
    0,
    1,
    2,
    1,
    2,
    1,
    0,
    1,
    2,
    2,
    1,
    2,
    0,
    1,
    0,
    0,
    1,
    1,
    2,
    1,
    0,
    0,
    2,
    1,
    1,
    0,
    0,
    2,
    2,
    2,
    0,
    0,
    2,
    0,
    1,
    0,
    1,
    2,
    0,
    0,
    2,
    2,
    2,
    1,
    2,
    1,
    1,
    2,
    1,
    0,
    0,
    0,
    2,
    2,
    0,
    0,
    0,
    0,
    0,
    0,
    0,
    2,
    0,
    0,
    2,
    2,
    0,
    0,
    0,
    2,
    2,
    1,
    2,
    2,
    0,
    1,
    1,
    1,
    1,
    1,
    1,
    0,
    1,
    1,
    1,
    2,
    1,
    2,
    2,
    2,
    1,
    1,
    1,
    1,
    1,
    0,
    2,
    1,
    2,
    0,
    1,
    2,
    0,
    0,
    1,
    2,
    2,
    1,
    1,
    0,
    0,
    0,
    1,
    1,
    2,
    1,
    2,
    1,
    2,
    2,
    1,
    1,
    1,
    2,
    2,
    1,
    0,
    0,
    1,
    2,
    1,
    2,
    2,
    1,
    1,
    2,
    2,
    2,
    1,
    0,
    2,
    0,
    1,
    2,
    0
  ],
  "score": 0.9039686,
  "generations": null,
  "history": [
    [
      1.5555012,
      25.0
    ],
    [
      1.4908338,
      725.0
    ],
    [
      1.4525836,
      1400.0
    ],
    [
      1.4290161,
      2125.0
    ],
    [
      1.4001558,
      2325.0
    ],
    [
      1.3962401,
      2375.0
    ],
    [
      1.232245,
      2975.0
    ],
    [
      1.1949888,
      3025.0
    ],
    [
      1.1605488,
      3050.0
    ],
    [
      1.1073953,
      3200.0
    ],
    [
      1.0797453,
      3300.0
    ],
    [
      1.0540819,
      3325.0
    ],
    [
      1.0215638,
      7025.0
    ],
    [
      0.9846395,
      7575.0
    ],
    [
      0.9707674,
      40225.0
    ],
    [
      0.9039686,
      74675.0
    ]
  ],
  "time": 23.470268,
  "c": 0.6565892,
  "inf": 39.0
}