{
  "sol": [
    1,
    2,
    0,
    2,
    0,
    0,
    2,
    1,
    2,
    1,
    2,
    0,
    2,
    1,
    1,
    2,
    1,
    0,
    2,
    0,
    0,
    2,
    2,
    1,
    2,
    0,
    0,
    1,
    2,
    2,
    0,
    0,
    1,
    1,
    1,
    2,
    0,
    1,
    0,
    2,
    0,
    2,
    1,
    0,
    0,
    1,
    1,
    1,
    2,
    1,
    2,
    2,
    1,
    2,
    0,
    0,
    0,
    1,
    1,
    0,
    0,
    0,
    0,
    0,
    0,
    0,
    1,
    0,
    0,
    1,
    1,
    0,
    0,
    0,
    1,
    1,
    2,
    1,
    1,
    0,
    2,
    2,
    2,
    2,
    2,
    2,
    0,
    2,
    2,
    2,
    1,
    2,
    1,
    1,
    1,
    2,
    0,
    0,
    2,
    2,
    0,
    1,
    2,
    1,
    0,
    2,
    1,
    0,
    0,
    2,
    1,
    1,
    2,
    2,
    0,
    0,
    0,
    2,
    2,
    1,
    2,
    1,
    2,
    1,
    1,
    2,
    2,
    2,
    1,
    1,
    2,
    2,
    0,
    2,
    1,
    2,
    1,
    1,
    2,
    2,
    1,
    1,
    1,
    2,
    0,
    1,
    0,
    2,
    1,
    0
  ],
  "score": 0.9203247,
  "generations": null,
  "history": [
    [
      1.4632528,
      25.0
    ],
    [
      1.2831688,
      125.0
    ],
    [
      1.2388287,
      325.0
    ],
    [
      1.1778171,
      1125.0
    ],
    [
      1.1177679,
      7225.0
    ],
    [
      1.1095264,
      7250.0
    ],
    [
      1.1075135,
      11850.0
    ],
    [
      1.0972964,
      13950.0
    ],
    [
      1.0662628,
      14525.0
    ],
    [
      1.0590929,
      14600.0
    ],
    [
      1.0523794,
      14675.0
    ],
    [
      1.0147437,
      45150.0
    ],
    [
      0.9609072,
      50150.0
    ],
    [
      0.95461476,
      50800.0
    ],
    [
      0.9203247,
      51300.0
    ]
  ],
  "time": 23.493227,
  "c": 0.66660243,
  "inf": 40.0
}