{
  "sol": [
    2,
    0,
    2,
    2,
    2,
    2,
    1,
    2,
    2,
    2,
    2,
    0,
    2,
    2,
    0,
    2,
    0,
    0,
    2,
    2,
    2,
    1,
    2,
    2,
    2,
    1,
    2,
    2,
    2,
    2,
    0,
    2,
    2,
    2,
    2,
    0,
    2,
    2,
    2,
    2,
    2,
    1,
    1,
    2,
    2,
    2,
    2,
    2,
    2,
    0,
    2,
    1,
    1,
    0,
    2,
    2,
    2,
    0,
    2,
    2,
    2,
    1,
    1,
    0,
    2,
    2,
    2,
    2,
    0,
    2,
    2,
    1,
    2,
    2,
    2,
    0,
    2,
    1,
    2,
    2,
    2,
    1,
    2,
    2,
    2,
    2,
    2,
    2,
    2,
    1,
    1,
    2,
    2,
    2,
    2,
    1,
    2,
    2,
    2,
    1,
    2,
    1,
    2,
    2,
    2,
    2,
    2,
    2,
    2,
    2,
    2,
    2,
    0,
    0,
    2,
    2,
    2,
    2,
    2,
    2,
    2,
    2,
    2,
    2,
    1,
    1,
    1,
    2,
    2,
    2,
    2,
    2,
    1,
    2,
    0,
    2,
    2,
    2,
    2,
    2,
    2,
    2,
    2,
    2,
    2,
    1,
    1,
    0,
    2,
    2,
    2,
    2,
    1,
    2,
    0,
    1,
    2,
    1,
    2,
    2,
    2,
    0,
    2,
    1,
    1,
    2,
    2,
    2,
    2,
    2,
    2,
    2,
    1,
    1,
    0,
    1,
    2,
    1,
    0,
    2,
    2,
    2,
    2,
    0,
    2,
    2,
    2,
    2,
    0,
    2,
    2,
    2,
    2,
    0,
    2,
    0,
    2,
    2,
    2,
    2,
    2,
    0,
    2,
    2,
    2,
    2,
    1,
    2,
    2,
    2,
    2,
    2,
    0,
    2,
    2
  ],
  "score": 20.961143,
  "generations": null,
  "history": [
    [
      37.103428,
      25.0
    ],
    [
      36.486565,
      100.0
    ],
    [
      33.86634,
      150.0
    ],
    [
      33.63139,
      175.0
    ],
    [
      33.18963,
      200.0
    ],
    [
      32.915268,
      225.0
    ],
    [
      31.692022,
      250.0
    ],
    [
      29.748589,
      1000.0
    ],
    [
      29.685047,
      1050.0
    ],
    [
      29.543373,
      1125.0
    ],
    [
      29.180706,
      1200.0
    ],
    [
      29.083334,
      1225.0
    ],
    [
      28.72604,
      1475.0
    ],
    [
      27.866325,
      2325.0
    ],
    [
      26.327675,
      2350.0
    ],
    [
      26.125172,
      2375.0
    ],
    [
      24.842905,
      2400.0
    ],
    [
      24.541323,
      2500.0
    ],
    [
      24.251974,
      2725.0
    ],
    [
      23.425806,
      2750.0
    ],
    [
      23.022697,
      2900.0
    ],
    [
      22.187988,
      15400.0
    ],
    [
      21.869377,
      15425.0
    ],
    [
      20.961143,
      15475.0
    ]
  ],
  "time": 44.398865,
  "c": 13.500604,
  "inf": 204.0
}